{"cameraMode":{"drawMode":0,"name":"Shaded","section":"Shading Mode"},"sceneLighting":false,"audioPlay":false,"sceneViewState":{"showFog":true,"showMaterialUpdate":false,"showSkybox":false,"showFlares":true,"showImageEffects":true,"showParticleSystems":true},"in2DMode":false,"pivot":{"x":-3.6028032302856447,"y":-3.2893733978271486,"z":4.89113187789917},"rotation":{"x":0.07489745318889618,"y":-0.029311537742614747,"z":0.0022043611388653518,"w":0.9967632293701172},"size":1.3193724155426026,"orthographic":true}