{"cameraMode":{"drawMode":0,"name":"Shaded","section":"Shading Mode"},"sceneLighting":false,"audioPlay":false,"sceneViewState":{"showFog":true,"showMaterialUpdate":false,"showSkybox":false,"showFlares":true,"showImageEffects":true,"showParticleSystems":true},"in2DMode":false,"pivot":{"x":-4.590679168701172,"y":-4.243194580078125,"z":4.944158554077148},"rotation":{"x":-0.1763811856508255,"y":0.0035410290583968164,"z":-0.0006344883586280048,"w":-0.9843159914016724},"size":1.8192147016525269,"orthographic":false}