{"cameraMode":{"drawMode":0,"name":"Shaded","section":"Shading Mode"},"sceneLighting":false,"audioPlay":false,"sceneViewState":{"showFog":true,"showMaterialUpdate":false,"showSkybox":false,"showFlares":true,"showImageEffects":true,"showParticleSystems":true},"in2DMode":false,"pivot":{"x":4.44211483001709,"y":-2.136096477508545,"z":5.630143642425537},"rotation":{"x":-0.0003471469390206039,"y":-0.9953916072845459,"z":0.09585273265838623,"w":-0.003584877820685506},"size":0.6317380666732788,"orthographic":true}