{"cameraMode":{"drawMode":0,"name":"Shaded","section":"Shading Mode"},"sceneLighting":false,"audioPlay":false,"sceneViewState":{"showFog":true,"showMaterialUpdate":false,"showSkybox":false,"showFlares":true,"showImageEffects":true,"showParticleSystems":true},"in2DMode":false,"pivot":{"x":-3.64691162109375,"y":-3.8893728256225588,"z":3.6114628314971926},"rotation":{"x":0.215435191988945,"y":0.6603754758834839,"z":-0.20645120739936829,"w":0.689117968082428},"size":1.3074004650115967,"orthographic":true}