{"cameraMode":{"drawMode":0,"name":"Shaded","section":"Shading Mode"},"sceneLighting":false,"audioPlay":false,"sceneViewState":{"showFog":true,"showMaterialUpdate":false,"showSkybox":false,"showFlares":true,"showImageEffects":true,"showParticleSystems":true},"in2DMode":false,"pivot":{"x":0.7186822891235352,"y":1.8693459033966065,"z":-19.100297927856447},"rotation":{"x":-0.2510809600353241,"y":0.010740246623754502,"z":-0.0027901928406208755,"w":-0.967910647392273},"size":1.693112850189209,"orthographic":false}