{"cameraMode":{"drawMode":0,"name":"Shaded","section":"Shading Mode"},"sceneLighting":false,"audioPlay":false,"sceneViewState":{"showFog":true,"showMaterialUpdate":false,"showSkybox":false,"showFlares":true,"showImageEffects":true,"showParticleSystems":true},"in2DMode":false,"pivot":{"x":2.894347667694092,"y":6.588523864746094,"z":-25.31159210205078},"rotation":{"x":-0.19572263956069947,"y":0.6630738973617554,"z":-0.18587876856327058,"w":-0.6982054114341736},"size":1.8714195489883423,"orthographic":false}