{"cameraMode":{"drawMode":0,"name":"Shaded","section":"Shading Mode"},"sceneLighting":false,"audioPlay":false,"sceneViewState":{"showFog":true,"showMaterialUpdate":false,"showSkybox":false,"showFlares":true,"showImageEffects":true,"showParticleSystems":true},"in2DMode":false,"pivot":{"x":0.2132551670074463,"y":0.8447625637054443,"z":2.3103139400482179},"rotation":{"x":0.11668647080659867,"y":-0.15957120060920716,"z":0.018998203799128534,"w":0.9800825715065002},"size":2.286827802658081,"orthographic":true}