{"cameraMode":{"drawMode":0,"name":"Shaded","section":"Shading Mode"},"sceneLighting":false,"audioPlay":false,"sceneViewState":{"showFog":true,"showMaterialUpdate":false,"showSkybox":false,"showFlares":true,"showImageEffects":true,"showParticleSystems":true},"in2DMode":false,"pivot":{"x":-2.671121120452881,"y":3.2373898029327394,"z":-20.0217342376709},"rotation":{"x":-0.0494995154440403,"y":0.8486020565032959,"z":-0.08069726079702378,"w":-0.5205134153366089},"size":1.3092325925827027,"orthographic":true}